Country Name;2019 [YR2019]
Poland;4.60600727341085
Spain;1.23303741249605
Ukraine;3.87284698333255
